AC,F1,SN,SP,CCR,MCC
0.625,0.7313432835820894,0.6805555555555556,0.4583333333333333,0.5694444444444444,0.12574886370696423
