AC,F1,SN,SP,CCR,MCC
0.568075117370892,0.6870748299319728,0.6941580756013745,0.2962962962962963,0.4952271859488354,-0.00966595589552011
